id;grn_number;grn_date;po_number
1;purple User-friendly;2019-08-24;white SMTP
2;Checking Account global Steel;2019-08-24;Kyrgyz Republic transmit
3;solution connecting;2019-08-23;Refined redundant
4;Granite Grocery;2019-08-24;Credit Card Account transmitter cyan
5;Checking Account;2019-08-23;Home Loan Account withdrawal
6;partnerships International;2019-08-24;Berkshire solid state
7;middleware Switzerland;2019-08-24;back-end Via indexing
8;Business-focused Canyon Orchestrator;2019-08-24;concept payment
9;robust;2019-08-24;Creek
10;Shirt Metal;2019-08-24;Chicken
